[
  {
    "id": "1",
    "sender": "Sarah Chen - Tech Recruiter",
    "email": "sarah.chen@techcorp.com",
    "subject": "Interview Confirmation - Software Engineer Role",
    "body": "Hi! We're excited to move forward with your application. Can you confirm your availability for an interview this Friday at 2 PM? Please reply by end of day today. Looking forward to speaking with you!",
    "timestamp": "2024-01-15T10:30:00Z",
    "category": "Urgent",
    "summary": "Time-sensitive action required.",
    "suggestedAction": "Reply immediately",
    "handled": false
  },
  {
    "id": "2",
    "sender": "Professor Martinez",
    "email": "martinez@university.edu",
    "subject": "Assignment Due: Project Submission Deadline",
    "body": "Reminder: Your final project is due tomorrow at 11:59 PM. Please submit via the course portal. Late submissions will be penalized. If you have any questions, reach out ASAP.",
    "timestamp": "2024-01-15T09:15:00Z",
    "category": "Urgent",
    "summary": "Time-sensitive action required.",
    "suggestedAction": "Reply immediately",
    "handled": false
  },
  {
    "id": "3",
    "sender": "Tech Weekly Newsletter",
    "email": "newsletter@techweekly.com",
    "subject": "This Week in Tech: AI Breakthroughs & Startup News",
    "body": "Check out the latest tech news: OpenAI releases new model, startup funding hits record high, and more. Read the full newsletter here: [link]. Unsubscribe anytime.",
    "timestamp": "2024-01-15T08:00:00Z",
    "category": "Info",
    "summary": "General information email.",
    "suggestedAction": "Read and archive",
    "handled": false
  },
  {
    "id": "4",
    "sender": "Alex Johnson",
    "email": "alex.j@company.com",
    "subject": "Meeting Request: Q1 Planning Discussion",
    "body": "Hey! Can we schedule a 30-minute meeting this week to discuss Q1 planning? I'm free Tuesday or Wednesday afternoon. Let me know what works for you.",
    "timestamp": "2024-01-14T16:45:00Z",
    "category": "Action Required",
    "summary": "Requires your response or confirmation.",
    "suggestedAction": "Reply Yes",
    "handled": false
  },
  {
    "id": "5",
    "sender": "Amazon Prime",
    "email": "prime@amazon.com",
    "subject": "Special Offer: 50% Off Prime Membership",
    "body": "Limited time offer! Get 50% off your Prime membership. Act now before this deal expires. Click here to claim your discount. Terms and conditions apply.",
    "timestamp": "2024-01-14T14:20:00Z",
    "category": "Promo",
    "summary": "Promotional or marketing content.",
    "suggestedAction": "Archive",
    "handled": true,
    "handledAction": "Bulk Archive"
  },
  {
    "id": "6",
    "sender": "Bank of America",
    "email": "alerts@bankofamerica.com",
    "subject": "Important: Unusual Activity Detected",
    "body": "We detected a login from a new device. If this was you, no action needed. If not, please contact us immediately at 1-800-XXX-XXXX. Your account security is our priority.",
    "timestamp": "2024-01-14T12:10:00Z",
    "category": "Urgent",
    "summary": "Security-related notification.",
    "suggestedAction": "Review and verify",
    "handled": false
  },
  {
    "id": "7",
    "sender": "LinkedIn",
    "email": "updates@linkedin.com",
    "subject": "You have 5 new connection requests",
    "body": "5 people want to connect with you. View and respond to your connection requests now. Build your professional network today!",
    "timestamp": "2024-01-14T10:05:00Z",
    "category": "Info",
    "summary": "General information email.",
    "suggestedAction": "Read and archive",
    "handled": false
  },
  {
    "id": "8",
    "sender": "GitHub",
    "email": "noreply@github.com",
    "subject": "Pull Request #42 needs your review",
    "body": "A pull request in your repository 'zeroinbox-ai' is waiting for your review. Please review and provide feedback when you have a chance. Thanks!",
    "timestamp": "2024-01-13T18:30:00Z",
    "category": "Info",
    "summary": "General information email.",
    "suggestedAction": "Read and archive",
    "handled": false
  },
  {
    "id": "9",
    "sender": "Netflix",
    "email": "info@netflix.com",
    "subject": "New Releases This Week",
    "body": "Check out the latest shows and movies added this week. New season of your favorite series is now streaming! Watch now.",
    "timestamp": "2024-01-13T15:00:00Z",
    "category": "Promo",
    "summary": "Promotional or marketing content.",
    "suggestedAction": "Archive",
    "handled": true,
    "handledAction": "Bulk Archive"
  },
  {
    "id": "10",
    "sender": "Dr. Emily Watson",
    "email": "ewatson@healthclinic.com",
    "subject": "Appointment Reminder: Tomorrow at 3 PM",
    "body": "This is a reminder that you have an appointment scheduled for tomorrow at 3:00 PM. Please arrive 15 minutes early. If you need to reschedule, call us at (555) 123-4567.",
    "timestamp": "2024-01-13T11:20:00Z",
    "category": "Action Required",
    "summary": "Requires your response or confirmation.",
    "suggestedAction": "Reply Yes",
    "handled": false
  },
  {
    "id": "11",
    "sender": "Starbucks Rewards",
    "email": "rewards@starbucks.com",
    "subject": "You've earned a free drink!",
    "body": "Congratulations! You've earned enough stars for a free drink. Visit any Starbucks location to redeem. Offer expires in 30 days.",
    "timestamp": "2024-01-12T09:45:00Z",
    "category": "Promo",
    "summary": "Promotional or marketing content.",
    "suggestedAction": "Archive",
    "handled": true,
    "handledAction": "Bulk Archive"
  },
  {
    "id": "12",
    "sender": "Team Lead - Mike",
    "email": "mike.lead@company.com",
    "subject": "URGENT: Client needs response by EOD",
    "body": "The client is asking for an update on the project status. They need a response by end of day today. Can you prepare a brief summary and send it over? This is time-sensitive.",
    "timestamp": "2024-01-12T14:30:00Z",
    "category": "Urgent",
    "summary": "Time-sensitive action required.",
    "suggestedAction": "Reply immediately",
    "handled": false
  },
  {
    "id": "13",
    "sender": "Spotify",
    "email": "news@spotify.com",
    "subject": "Your Weekly Discover Playlist is ready",
    "body": "We've curated new music just for you based on your listening habits. Check out your Weekly Discover playlist now!",
    "timestamp": "2024-01-11T08:00:00Z",
    "category": "Promo",
    "summary": "Promotional or marketing content.",
    "suggestedAction": "Archive",
    "handled": true,
    "handledAction": "Bulk Archive"
  },
  {
    "id": "14",
    "sender": "IRS",
    "email": "notifications@irs.gov",
    "subject": "Tax Document Available for Download",
    "body": "Your tax document (Form 1099) is now available in your account. Please download it for your records. You'll need this for filing your taxes.",
    "timestamp": "2024-01-10T16:00:00Z",
    "category": "Info",
    "summary": "General information email.",
    "suggestedAction": "Read and archive",
    "handled": false
  },
  {
    "id": "15",
    "sender": "Uber Eats",
    "email": "offers@ubereats.com",
    "subject": "20% Off Your Next Order - Limited Time",
    "body": "Hungry? Get 20% off your next order when you use code SAVE20. Valid until Friday. Order now and save!",
    "timestamp": "2024-01-10T12:30:00Z",
    "category": "Promo",
    "summary": "Promotional or marketing content.",
    "suggestedAction": "Archive",
    "handled": true,
    "handledAction": "Bulk Archive"
  }
]